<?xml version="1.0" encoding="UTF-8"?>
<project-private xmlns="http://www.netbeans.org/ns/project-private/1">
    <editor-bookmarks xmlns="http://www.netbeans.org/ns/editor-bookmarks/2" lastBookmarkId="0"/>
    <open-files xmlns="http://www.netbeans.org/ns/projectui-open-files/2">
        <group>
            <file>file:/home/tayyabali-home/NetBeansProjects/hackathon/src/hackathon/screen21.java</file>
            <file>file:/home/tayyabali-home/NetBeansProjects/hackathon/src/hackathon/screen1.java</file>
            <file>file:/home/tayyabali-home/NetBeansProjects/hackathon/src/hackathon/screen31.java</file>
            <file>file:/home/tayyabali-home/NetBeansProjects/hackathon/src/hackathon/screen3.java</file>
            <file>file:/home/tayyabali-home/NetBeansProjects/hackathon/src/hackathon/validation.java</file>
            <file>file:/home/tayyabali-home/NetBeansProjects/hackathon/src/hackathon/screen2.java</file>
            <file>file:/home/tayyabali-home/NetBeansProjects/hackathon/src/hackathon/screen11.java</file>
            <file>file:/home/tayyabali-home/NetBeansProjects/hackathon/src/hackathon/Welcome.java</file>
        </group>
    </open-files>
</project-private>
